year,name,pantone_code,hex
2026,Cloud Dancer,11-4201,#f0eee9
2025,Mocha Mousse,17-1230,#a47764
2024,Peach Fuzz,13-1023,#ffbe98
2023,Viva Magenta,18-1750,#bb2649
2022,Very Peri,17-3938,#6667ab
2021,Ultimate Gray,17-5104,#939597
2021,Illuminating,13-0647,#f5df4d
2020,Classic Blue,19-4052,#0f4c81
2019,Living Coral,16-1546,#ff6f61
2018,Ultra Violet,18-3838,#5f4b8b
2017,Greenery,15-0343,#88b04b
2016,Rose Quartz,13-1520,#f7cac9
2016,Serenity,15-3913,#92a8d1
2015,Marsala,18-1438,#955251
2014,Radiant Orchid,18-3224,#b565a7
2013,Emerald,17-5641,#169c78
2012,Tangerine Tango,17-1463,#f05442
2011,Honeysuckle,18-2120,#da4f70
2010,Turquoise,15-5519,#41b6ab
2009,Mimosa,14-0848,#f0bf59
2008,Blue Iris,18-3943,#595ca1
2007,Chili Pepper,19-1557,#9c1b31
2006,Sand Dollar,13-1106,#decdbf
2005,Blue Turquoise,15-5217,#4fb0ae
2004,Tigerlily,17-1456,#e4583e
2003,Aqua Sky,14-4811,#7ac5c5
2002,True Red,19-1664,#c02034
2001,Fuchsia Rose,17-2031,#c94476
2000,Cerulean Blue,15-4020,#9bb7d6
