palette,color_name,color_hex,combo_index,combo_name,combo_hex
Sanzo Wada,Corinthian Pink,#f8b6ba,1,Brick Red,#a84222
Sanzo Wada,Corinthian Pink,#f8b6ba,2,Light Pinkish Cinnamon,#fcc79b
Sanzo Wada,Corinthian Pink,#f8b6ba,3,Turquoise Green,#b5decc
Sanzo Wada,Corinthian Pink,#f8b6ba,4,Chromium Green,#719470
Sanzo Wada,Corinthian Pink,#f8b6ba,5,Vandar Poel's Blue,#064f6e
Sanzo Wada,Cameo Pink,#e0b3b6,1,Light Porcelain Green,#00908a
Sanzo Wada,Cameo Pink,#e0b3b6,2,Diamine Green,#1a7444
Sanzo Wada,Cameo Pink,#e0b3b6,3,Venice Green,#62c6bf
Sanzo Wada,Cameo Pink,#e0b3b6,4,Olympic Blue,#5a82b3
Sanzo Wada,Fawn,#d1b0a7,1,Etruscan Red,#c55347
Sanzo Wada,Fawn,#d1b0a7,2,Dusky Green,#004f46
Sanzo Wada,Light Brown Drab,#b59392,1,Pale Burnt Lake,#802626
Sanzo Wada,Light Brown Drab,#b59392,2,Sulphine Yellow,#c19f2c
Sanzo Wada,Coral Red,#f58e84,1,Night Green,#87c540
Sanzo Wada,Coral Red,#f58e84,2,Helvetia Blue,#005b8d
Sanzo Wada,Grenadine Pink,#f48067,1,Fresh Color,#f6917e
Sanzo Wada,Grenadine Pink,#f48067,2,Scarlet,#cb2f43
Sanzo Wada,Grenadine Pink,#f48067,3,Light Glaucous Blue,#a5c8d1
Sanzo Wada,Eosine Pink,#f37f94,1,Pansy Purple,#7d133a
Sanzo Wada,Eosine Pink,#f37f94,2,Yellow Ocher,#e2b540
Sanzo Wada,Eosine Pink,#f37f94,3,Yellow Green,#afd472
Sanzo Wada,Eosine Pink,#f37f94,4,Blackish Olive,#42533e
Sanzo Wada,Eosine Pink,#f37f94,5,Grayish Lavender - B,#c0a9b3
Sanzo Wada,Eosine Pink,#f37f94,6,White,#ffffff
Sanzo Wada,Spinel Red,#f27291,1,Vinaceous Tawny,#c56127
Sanzo Wada,Spinel Red,#f27291,2,Taupe Brown,#7a4456
Sanzo Wada,Old Rose,#d46d7a,1,Lemon Yellow,#f8ed43
Sanzo Wada,Eugenia Red | B,#da525d,1,Red Orange,#dd4027
Sanzo Wada,Eugenia Red | B,#da525d,2,Orange Citrine,#986f2d
Sanzo Wada,Raw Sienna,#bb7125,1,Fawn,#d1b0a7
Sanzo Wada,Raw Sienna,#bb7125,2,Raw Sienna,#bb7125
Sanzo Wada,Raw Sienna,#bb7125,3,Vandyke Red,#82241f
Sanzo Wada,Raw Sienna,#bb7125,4,Citron Yellow,#b2b73e
Sanzo Wada,Raw Sienna,#bb7125,5,Vandyke Brown,#4b3317
Sanzo Wada,Raw Sienna,#bb7125,6,Dull Violet Black,#1e0e3f
Sanzo Wada,Raw Sienna,#bb7125,7,Deep Indigo,#051230
Sanzo Wada,Vinaceous Tawny,#c56127,1,Naples Yellow,#fbe6a0
Sanzo Wada,Vinaceous Tawny,#c56127,2,Mars Brown Tobacco,#653514
Sanzo Wada,Jasper Red,#eb5324,1,Mineral Gray,#a2b0ad
Sanzo Wada,Red Orange,#dd4027,1,Brown,#7c4226
Sanzo Wada,Etruscan Red,#c55347,1,Pomegranite Purple,#b71f57
Sanzo Wada,Etruscan Red,#c55347,2,Golden Yellow,#f3a257
Sanzo Wada,Etruscan Red,#c55347,3,Chromium Green,#719470
Sanzo Wada,Etruscan Red,#c55347,4,Eupatorium Purple,#bf5892
Sanzo Wada,Etruscan Red,#c55347,5,Dusky Madder Violet,#4e1d4c
Sanzo Wada,Scarlet,#cb2f43,1,Lilac,#b984af
Sanzo Wada,Carmine,#cc1236,1,Pale Lemon Yellow,#ffefae
Sanzo Wada,Carmine,#cc1236,2,Cerulian Blue,#0093a5
Sanzo Wada,Carmine,#cc1236,3,Antwarp Blue,#007190
Sanzo Wada,Carmine,#cc1236,4,Neutral Gray,#b6bfc1
Sanzo Wada,Rosolanc Purple,#b73f74,1,Vinaceous Cinnamon,#eea78c
Sanzo Wada,Rosolanc Purple,#b73f74,2,Deep Violet / Plumbeous,#70727c
Sanzo Wada,Hydrangea Red,#a94151,1,Blue Violet,#6450a1
Sanzo Wada,Brick Red,#a84222,1,Vistoris Lake,#6d4145
Sanzo Wada,Brick Red,#a84222,2,Blackish Olive,#42533e
Sanzo Wada,Carmine Red,#a62c37,1,Pale Burnt Lake,#802626
Sanzo Wada,Carmine Red,#a62c37,2,Maple,#c59f6b
Sanzo Wada,Carmine Red,#a62c37,3,Oil Green,#819238
Sanzo Wada,Carmine Red,#a62c37,4,Dull Violet Black,#1e0e3f
Sanzo Wada,Pompeian Red,#ab2439,1,Red,#a72144
Sanzo Wada,Pompeian Red,#ab2439,2,Citrine,#b09f36
Sanzo Wada,Pompeian Red,#ab2439,3,Olympic Blue,#5a82b3
Sanzo Wada,Brown,#7c4226,1,Nile Blue,#bce4e5
Sanzo Wada,Brown,#7c4226,2,Blue,#006eb8
Sanzo Wada,Brown,#7c4226,3,Veronia Purple,#8c4c62
Sanzo Wada,Hay's Russet,#793327,1,Olive Ocher,#d6b43e
Sanzo Wada,Hay's Russet,#793327,2,Pale Raw Umber,#71502f
Sanzo Wada,Hay's Russet,#793327,3,Andover Green,#6d7e77
Sanzo Wada,Hay's Russet,#793327,4,Dusky Madder Violet,#4e1d4c
Sanzo Wada,Vandyke Red,#82241f,1,Spectrum Red,#e31f26
Sanzo Wada,Vandyke Red,#82241f,2,Grayish Lavender - A,#b5b1d8
Sanzo Wada,Vandyke Red,#82241f,3,Taupe Brown,#7a4456
Sanzo Wada,Pansy Purple,#7d133a,1,Slate Color,#34454c
Sanzo Wada,Pale Burnt Lake,#802626,1,Dark Medici Blue,#547076
Sanzo Wada,Violet Red,#642d5e,1,Spinel Red,#f27291
Sanzo Wada,Vistoris Lake,#6d4145,1,Orange,#f37420
Sanzo Wada,Vistoris Lake,#6d4145,2,Light Green Yellow,#c7d14f
Sanzo Wada,Sulpher Yellow,#f5ecc2,1,Olive Buff,#c1c494
Sanzo Wada,Sulpher Yellow,#f5ecc2,2,Buffy Citrine,#96874d
Sanzo Wada,Sulpher Yellow,#f5ecc2,3,Light Brownish Olive,#806e4b
Sanzo Wada,Sulpher Yellow,#f5ecc2,4,Oil Green,#819238
Sanzo Wada,Sulpher Yellow,#f5ecc2,5,Deep Slate Green,#112f2c
Sanzo Wada,Sulpher Yellow,#f5ecc2,6,Laelia Pink,#ca92a8
Sanzo Wada,Sulpher Yellow,#f5ecc2,7,Cotinga Purple,#501345
Sanzo Wada,Pale Lemon Yellow,#ffefae,1,Fawn,#d1b0a7
Sanzo Wada,Pale Lemon Yellow,#ffefae,2,Brown,#7c4226
Sanzo Wada,Pale Lemon Yellow,#ffefae,3,Orange Yellow,#fcb315
Sanzo Wada,Pale Lemon Yellow,#ffefae,4,Olive,#837e31
Sanzo Wada,Pale Lemon Yellow,#ffefae,5,Sea Green,#00b49b
Sanzo Wada,Pale Lemon Yellow,#ffefae,6,Deep Slate Olive,#253122
Sanzo Wada,Pale Lemon Yellow,#ffefae,7,Pale King's Blue,#a7d4e4
Sanzo Wada,Naples Yellow,#fbe6a0,1,Vinaceous Tawny,#c56127
Sanzo Wada,Naples Yellow,#fbe6a0,2,Calamine BLue,#78cdd0
Sanzo Wada,Ivory Buff,#ebd3a2,1,Eugenia Red | A,#e2625e
Sanzo Wada,Ivory Buff,#ebd3a2,2,Isabella Color,#c5a56e
Sanzo Wada,Ivory Buff,#ebd3a2,3,Artemesia Green,#709390
Sanzo Wada,Ivory Buff,#ebd3a2,4,Green,#489b6e
Sanzo Wada,Ivory Buff,#ebd3a2,5,Deep Lyons Blue,#1c4286
Sanzo Wada,Seashell Pink,#fdd4bd,1,Cinnamon Buff,#fdc57e
Sanzo Wada,Seashell Pink,#fdd4bd,2,Madder Brown,#762c19
Sanzo Wada,Seashell Pink,#fdd4bd,3,Glaucous Green,#b4cdc2
Sanzo Wada,Seashell Pink,#fdd4bd,4,Salvia Blue,#97acc8
Sanzo Wada,Seashell Pink,#fdd4bd,5,Red Violet,#59256a
Sanzo Wada,Pinkish Cinnamon,#eeb480,1,Sudan Brown,#a36752
Sanzo Wada,Cinnamon Buff,#fdc57e,1,Indian Lake,#c53c69
Sanzo Wada,Cinnamon Buff,#fdc57e,2,Violet Blue,#40456a
Sanzo Wada,Cinnamon Buff,#fdc57e,3,Eupatorium Purple,#bf5892
Sanzo Wada,Cream Yellow,#fdbf68,1,Antwarp Blue,#007190
Sanzo Wada,Golden Yellow,#f3a257,1,Hydrangea Red,#a94151
Sanzo Wada,Golden Yellow,#f3a257,2,Deep Grayish Olive,#635a3a
Sanzo Wada,Golden Yellow,#f3a257,3,Deep Slate Green,#112f2c
Sanzo Wada,Golden Yellow,#f3a257,4,Light Mauve,#9a72aa
Sanzo Wada,Golden Yellow,#f3a257,5,Dull Blue Violet,#80719e
Sanzo Wada,Ochraceous Salmon,#d8a37b,1,Hay's Russet,#793327
Sanzo Wada,Ochraceous Salmon,#d8a37b,2,Citrine,#b09f36
Sanzo Wada,Ochraceous Salmon,#d8a37b,3,Blue,#006eb8
Sanzo Wada,Isabella Color,#c5a56e,1,Light Brown Drab,#b59392
Sanzo Wada,Isabella Color,#c5a56e,2,Eugenia Red | B,#da525d
Sanzo Wada,Olive Buff,#c1c494,1,Sepia,#644b1e
Sanzo Wada,Yellow,#fff200,1,Carmine,#cc1236
Sanzo Wada,Yellow,#fff200,2,Apricot Orange,#f68c50
Sanzo Wada,Yellow,#fff200,3,Sulphine Yellow,#c19f2c
Sanzo Wada,Yellow,#fff200,4,Neutral Gray,#b6bfc1
Sanzo Wada,Lemon Yellow,#f8ed43,1,Cinnamon Buff,#fdc57e
Sanzo Wada,Lemon Yellow,#f8ed43,2,Helvetia Blue,#005b8d
Sanzo Wada,Lemon Yellow,#f8ed43,3,Light Mauve,#9a72aa
Sanzo Wada,Lemon Yellow,#f8ed43,4,Black,#111314
Sanzo Wada,Apricot Yellow,#ffdd00,1,Lincoln Green,#555832
Sanzo Wada,Apricot Yellow,#ffdd00,2,Dark Tyrian Blue,#12354e
Sanzo Wada,Olive Ocher,#d6b43e,1,Cinnamon Rufous,#c27544
Sanzo Wada,Olive Ocher,#d6b43e,2,Violet Carmine,#713b4c
Sanzo Wada,Olive Ocher,#d6b43e,3,Violet,#4f4086
Sanzo Wada,Olive Ocher,#d6b43e,4,Warm Gray,#a1a39a
Sanzo Wada,Olive Ocher,#d6b43e,5,Slate Color,#34454c
Sanzo Wada,Yellow Ocher,#e2b540,1,Seashell Pink,#fdd4bd
Sanzo Wada,Yellow Ocher,#e2b540,2,Rainette Green,#8fa071
Sanzo Wada,Yellow Ocher,#e2b540,3,Peacock Blue,#00939b
Sanzo Wada,Yellow Ocher,#e2b540,4,Dark Medici Blue,#547076
Sanzo Wada,Yellow Ocher,#e2b540,5,Deep Lyons Blue,#1c4286
Sanzo Wada,Orange Yellow,#fcb315,1,Cobalt Green,#96d1aa
Sanzo Wada,Orange Yellow,#fcb315,2,Violet Carmine,#713b4c
Sanzo Wada,Orange Yellow,#fcb315,3,White,#ffffff
Sanzo Wada,Yellow Orange,#f99d1b,1,Cameo Pink,#e0b3b6
Sanzo Wada,Yellow Orange,#f99d1b,2,Ecru,#c2ae93
Sanzo Wada,Yellow Orange,#f99d1b,3,Dark Greenish Glaucous,#b7c2a9
Sanzo Wada,Yellow Orange,#f99d1b,4,Cotinga Purple,#501345
Sanzo Wada,Orange,#f37420,1,Grenadine Pink,#f48067
Sanzo Wada,Orange,#f37420,2,Cream Yellow,#fdbf68
Sanzo Wada,Orange,#f37420,3,Dark Soft Violet,#66629c
Sanzo Wada,Orange,#f37420,4,Deep Violet / Plumbeous,#70727c
Sanzo Wada,Orange,#f37420,5,Violet,#4f4086
Sanzo Wada,Peach Red,#f15a30,1,Calamine BLue,#78cdd0
Sanzo Wada,English Red,#d96629,1,Corinthian Pink,#f8b6ba
Sanzo Wada,English Red,#d96629,2,Deep Indigo,#051230
Sanzo Wada,Cinnamon Rufous,#c27544,1,Eosine Pink,#f37f94
Sanzo Wada,Cinnamon Rufous,#c27544,2,Old Rose,#d46d7a
Sanzo Wada,Cinnamon Rufous,#c27544,3,Dull Viridian Green,#009465
Sanzo Wada,Cinnamon Rufous,#c27544,4,Black,#111314
Sanzo Wada,Orange Rufous,#c16b27,1,Light Green Yellow,#c7d14f
Sanzo Wada,Orange Rufous,#c16b27,2,Green,#489b6e
Sanzo Wada,Sulphine Yellow,#c19f2c,1,Violet Red,#642d5e
Sanzo Wada,Sulphine Yellow,#c19f2c,2,English Red,#d96629
Sanzo Wada,Sulphine Yellow,#c19f2c,3,Blue Violet,#6450a1
Sanzo Wada,Khaki,#bc892b,1,Dark Tyrian Blue,#12354e
Sanzo Wada,Khaki,#bc892b,2,Dark Slate Purple,#704357
Sanzo Wada,Citron Yellow,#b2b73e,1,Naples Yellow,#fbe6a0
Sanzo Wada,Citron Yellow,#b2b73e,2,Turquoise Green,#b5decc
Sanzo Wada,Citron Yellow,#b2b73e,3,Veronia Purple,#8c4c62
Sanzo Wada,Citron Yellow,#b2b73e,4,Red Violet,#59256a
Sanzo Wada,Citron Yellow,#b2b73e,5,White,#ffffff
Sanzo Wada,Citrine,#b09f36,1,Yellow Ocher,#e2b540
Sanzo Wada,Citrine,#b09f36,2,Olive Yellow,#a6a159
Sanzo Wada,Citrine,#b09f36,3,Deep Slate Green,#112f2c
Sanzo Wada,Citrine,#b09f36,4,Grayish Lavender - A,#b5b1d8
Sanzo Wada,Buffy Citrine,#96874d,1,Benzol Green,#00978d
Sanzo Wada,Dark Citrine,#8b835b,1,Old Rose,#d46d7a
Sanzo Wada,Dark Citrine,#8b835b,2,Ivory Buff,#ebd3a2
Sanzo Wada,Light Grayish Olive,#848061,1,Lincoln Green,#555832
Sanzo Wada,Krongbergs Green,#84875e,1,Pompeian Red,#ab2439
Sanzo Wada,Olive,#837e31,1,Rainette Green,#8fa071
Sanzo Wada,Olive Green,#6b7140,1,Cinnamon Rufous,#c27544
Sanzo Wada,Deep Grayish Olive,#635a3a,1,Dark Slate Purple,#704357
Sanzo Wada,Pale Raw Umber,#71502f,1,Hydrangea Red,#a94151
Sanzo Wada,Pale Raw Umber,#71502f,2,Dark Citrine,#8b835b
Sanzo Wada,Sepia,#644b1e,1,Rosolanc Purple,#b73f74
Sanzo Wada,Madder Brown,#762c19,1,Carmine Red,#a62c37
Sanzo Wada,Madder Brown,#762c19,2,Olive Green,#6b7140
Sanzo Wada,Madder Brown,#762c19,3,Pistachio Green,#648f7b
Sanzo Wada,Mars Brown Tobacco,#653514,1,Burnt Sienna,#ae5224
Sanzo Wada,Vandyke Brown,#4b3317,1,Nile Blue,#bce4e5
Sanzo Wada,Vandyke Brown,#4b3317,2,Salvia Blue,#97acc8
Sanzo Wada,Vandyke Brown,#4b3317,3,Peacock Blue,#00939b
Sanzo Wada,Turquoise Green,#b5decc,1,Violet Red,#642d5e
Sanzo Wada,Turquoise Green,#b5decc,2,Light Grayish Olive,#848061
Sanzo Wada,Turquoise Green,#b5decc,3,Taupe Brown,#7a4456
Sanzo Wada,Glaucous Green,#b4cdc2,1,Grenadine Pink,#f48067
Sanzo Wada,Glaucous Green,#b4cdc2,2,Red Violet,#59256a
Sanzo Wada,Yellow Green,#afd472,1,Pale King's Blue,#a7d4e4
Sanzo Wada,Yellow Green,#afd472,2,Dark Soft Violet,#66629c
Sanzo Wada,Light Green Yellow,#c7d14f,1,Yellow Orange,#f99d1b
Sanzo Wada,Night Green,#87c540,1,Burnt Sienna,#ae5224
Sanzo Wada,Night Green,#87c540,2,Hay's Russet,#793327
Sanzo Wada,Night Green,#87c540,3,Black,#111314
Sanzo Wada,Olive Yellow,#a6a159,1,Dark Medici Blue,#547076
Sanzo Wada,Rainette Green,#8fa071,1,Dark Citrine,#8b835b
Sanzo Wada,Chromium Green,#719470,1,Diamine Green,#1a7444
Sanzo Wada,Pistachio Green,#648f7b,1,Violet Blue,#40456a
Sanzo Wada,Pistachio Green,#648f7b,2,Eupatorium Purple,#bf5892
Sanzo Wada,Sea Green,#00b49b,1,Red Orange,#dd4027
Sanzo Wada,Sea Green,#00b49b,2,Scarlet,#cb2f43
Sanzo Wada,Sea Green,#00b49b,3,Olive Ocher,#d6b43e
Sanzo Wada,Sea Green,#00b49b,4,Vandyke Brown,#4b3317
Sanzo Wada,Sea Green,#00b49b,5,Grayish Lavender - A,#b5b1d8
Sanzo Wada,Benzol Green,#00978d,1,Jasper Red,#eb5324
Sanzo Wada,Benzol Green,#00978d,2,Yellow,#fff200
Sanzo Wada,Benzol Green,#00978d,3,Night Green,#87c540
Sanzo Wada,Benzol Green,#00978d,4,Antwarp Blue,#007190
Sanzo Wada,Benzol Green,#00978d,5,Mineral Gray,#a2b0ad
Sanzo Wada,Light Porcelain Green,#00908a,1,Pinkish Cinnamon,#eeb480
Sanzo Wada,Dull Viridian Green,#009465,1,Lilac,#b984af
Sanzo Wada,Diamine Green,#1a7444,1,Sulpher Yellow,#f5ecc2
Sanzo Wada,Diamine Green,#1a7444,2,Dark Slate Purple,#704357
Sanzo Wada,Cossack Green,#437742,1,Coral Red,#f58e84
Sanzo Wada,Cossack Green,#437742,2,Laelia Pink,#ca92a8
Sanzo Wada,Lincoln Green,#555832,1,Citron Yellow,#b2b73e
Sanzo Wada,Lincoln Green,#555832,2,Blue,#006eb8
Sanzo Wada,Blackish Olive,#42533e,1,Deep Slate Olive,#253122
Sanzo Wada,Nile Blue,#bce4e5,1,Pomegranite Purple,#b71f57
Sanzo Wada,Pale King's Blue,#a7d4e4,1,Spectrum Red,#e31f26
Sanzo Wada,Pale King's Blue,#a7d4e4,2,Ochraceous Salmon,#d8a37b
Sanzo Wada,Pale King's Blue,#a7d4e4,3,Buffy Citrine,#96874d
Sanzo Wada,Pale King's Blue,#a7d4e4,4,Krongbergs Green,#84875e
Sanzo Wada,Light Glaucous Blue,#a5c8d1,1,Yellow,#fff200
Sanzo Wada,Light Glaucous Blue,#a5c8d1,2,Olive Yellow,#a6a159
Sanzo Wada,Light Glaucous Blue,#a5c8d1,3,Green Blue,#099197
Sanzo Wada,Light Glaucous Blue,#a5c8d1,4,Dusky Madder Violet,#4e1d4c
Sanzo Wada,Salvia Blue,#97acc8,1,Pompeian Red,#ab2439
Sanzo Wada,Salvia Blue,#97acc8,2,Dark Tyrian Blue,#12354e
Sanzo Wada,Salvia Blue,#97acc8,3,Laelia Pink,#ca92a8
Sanzo Wada,Salvia Blue,#97acc8,4,Aconite Violet,#a36aa5
Sanzo Wada,Salvia Blue,#97acc8,5,Blue Violet,#6450a1
Sanzo Wada,Cobalt Green,#96d1aa,1,Warm Gray,#a1a39a
Sanzo Wada,Calamine BLue,#78cdd0,1,Ochre Red,#ab544d
Sanzo Wada,Calamine BLue,#78cdd0,2,Ivory Buff,#ebd3a2
Sanzo Wada,Calamine BLue,#78cdd0,3,English Red,#d96629
Sanzo Wada,Venice Green,#62c6bf,1,Sudan Brown,#a36752
Sanzo Wada,Venice Green,#62c6bf,2,Vandar Poel's Blue,#064f6e
Sanzo Wada,Venice Green,#62c6bf,3,Light Mauve,#9a72aa
Sanzo Wada,Cerulian Blue,#0093a5,1,Corinthian Pink,#f8b6ba
Sanzo Wada,Cerulian Blue,#0093a5,2,Orange,#f37420
Sanzo Wada,Cerulian Blue,#0093a5,3,Sea Green,#00b49b
Sanzo Wada,Cerulian Blue,#0093a5,4,Dusky Green,#004f46
Sanzo Wada,Cerulian Blue,#0093a5,5,Violet Carmine,#713b4c
Sanzo Wada,Peacock Blue,#00939b,1,Deep Indigo,#051230
Sanzo Wada,Green Blue,#099197,1,Eugenia Red | B,#da525d
Sanzo Wada,Green Blue,#099197,2,Light Grayish Olive,#848061
Sanzo Wada,Green Blue,#099197,3,Olive Green,#6b7140
Sanzo Wada,Olympic Blue,#5a82b3,1,Pinkish Cinnamon,#eeb480
Sanzo Wada,Olympic Blue,#5a82b3,2,Orange Rufous,#c16b27
Sanzo Wada,Olympic Blue,#5a82b3,3,Slate Color,#34454c
Sanzo Wada,Blue,#006eb8,1,Ochraceous Salmon,#d8a37b
Sanzo Wada,Blue,#006eb8,2,Maple,#c59f6b
Sanzo Wada,Blue,#006eb8,3,Glaucous Green,#b4cdc2
Sanzo Wada,Blue,#006eb8,4,Purple Drab,#84565b
Sanzo Wada,Blue,#006eb8,5,Neutral Gray,#b6bfc1
Sanzo Wada,Antwarp Blue,#007190,1,Mars Brown Tobacco,#653514
Sanzo Wada,Antwarp Blue,#007190,2,Cossack Green,#437742
Sanzo Wada,Antwarp Blue,#007190,3,Cobalt Green,#96d1aa
Sanzo Wada,Antwarp Blue,#007190,4,Dull Blue Violet,#80719e
Sanzo Wada,Helvetia Blue,#005b8d,1,Pale Lemon Yellow,#ffefae
Sanzo Wada,Helvetia Blue,#005b8d,2,Vinaceous Cinnamon,#eea78c
Sanzo Wada,Dusky Green,#004f46,1,Artemesia Green,#709390
Sanzo Wada,Deep Lyons Blue,#1c4286,1,Carmine,#cc1236
Sanzo Wada,Deep Lyons Blue,#1c4286,2,Sulpher Yellow,#f5ecc2
Sanzo Wada,Deep Lyons Blue,#1c4286,3,Light Porcelain Green,#00908a
Sanzo Wada,Deep Lyons Blue,#1c4286,4,Deep Lyons Blue,#1c4286
Sanzo Wada,Violet Blue,#40456a,1,Krongbergs Green,#84875e
Sanzo Wada,Violet Blue,#40456a,2,Sepia,#644b1e
Sanzo Wada,Violet Blue,#40456a,3,Dark Greenish Glaucous,#b7c2a9
Sanzo Wada,Violet Blue,#40456a,4,Pistachio Green,#648f7b
Sanzo Wada,Violet Blue,#40456a,5,Dusky Green,#004f46
Sanzo Wada,Vandar Poel's Blue,#064f6e,1,Coral Red,#f58e84
Sanzo Wada,Vandar Poel's Blue,#064f6e,2,Orange Citrine,#986f2d
Sanzo Wada,Vandar Poel's Blue,#064f6e,3,Cotinga Purple,#501345
Sanzo Wada,Dark Tyrian Blue,#12354e,1,Cameo Pink,#e0b3b6
Sanzo Wada,Dark Tyrian Blue,#12354e,2,Orange Yellow,#fcb315
Sanzo Wada,Dark Tyrian Blue,#12354e,3,Orange Rufous,#c16b27
Sanzo Wada,Dark Tyrian Blue,#12354e,4,Green Blue,#099197
Sanzo Wada,Dark Tyrian Blue,#12354e,5,Dark Soft Violet,#66629c
Sanzo Wada,Dull Violet Black,#1e0e3f,1,Andover Green,#6d7e77
Sanzo Wada,Dull Violet Black,#1e0e3f,2,Cossack Green,#437742
Sanzo Wada,Dull Violet Black,#1e0e3f,3,Veronia Purple,#8c4c62
Sanzo Wada,Deep Indigo,#051230,1,Fresh Color,#f6917e
Sanzo Wada,Deep Indigo,#051230,2,Carmine Red,#a62c37
Sanzo Wada,Deep Indigo,#051230,3,Aconite Violet,#a36aa5
Sanzo Wada,Deep Indigo,#051230,4,Mineral Gray,#a2b0ad
Sanzo Wada,Deep Slate Green,#112f2c,1,Madder Brown,#762c19
Sanzo Wada,Deep Slate Green,#112f2c,2,Violet,#4f4086
Sanzo Wada,Grayish Lavender - A,#b5b1d8,1,Eosine Pink,#f37f94
Sanzo Wada,Grayish Lavender - A,#b5b1d8,2,Jasper Red,#eb5324
Sanzo Wada,Grayish Lavender - B,#c0a9b3,1,Golden Yellow,#f3a257
Sanzo Wada,Grayish Lavender - B,#c0a9b3,2,Apricot Yellow,#ffdd00
Sanzo Wada,Laelia Pink,#ca92a8,1,Ochre Red,#ab544d
Sanzo Wada,Lilac,#b984af,1,Purple Drab,#84565b
Sanzo Wada,Light Mauve,#9a72aa,1,Indian Lake,#c53c69
Sanzo Wada,Light Mauve,#9a72aa,2,Light Brownish Olive,#806e4b
Sanzo Wada,Light Mauve,#9a72aa,3,Vandar Poel's Blue,#064f6e
Sanzo Wada,Light Mauve,#9a72aa,4,Grayish Lavender - B,#c0a9b3
Sanzo Wada,Aconite Violet,#a36aa5,1,Light Pinkish Cinnamon,#fcc79b
Sanzo Wada,Aconite Violet,#a36aa5,2,Peach Red,#f15a30
Sanzo Wada,Aconite Violet,#a36aa5,3,Yellow Green,#afd472
Sanzo Wada,Dull Blue Violet,#80719e,1,Spinel Red,#f27291
Sanzo Wada,Dull Blue Violet,#80719e,2,Benzol Green,#00978d
Sanzo Wada,Dark Soft Violet,#66629c,1,Peach Red,#f15a30
Sanzo Wada,Dark Soft Violet,#66629c,2,Violet Blue,#40456a
Sanzo Wada,Blue Violet,#6450a1,1,Venice Green,#62c6bf
Sanzo Wada,Veronia Purple,#8c4c62,1,Raw Sienna,#bb7125
Sanzo Wada,Veronia Purple,#8c4c62,2,Rosolanc Purple,#b73f74
Sanzo Wada,Taupe Brown,#7a4456,1,Pyrite Yellow,#cab356
Sanzo Wada,Taupe Brown,#7a4456,2,Helvetia Blue,#005b8d
Sanzo Wada,Violet,#4f4086,1,Seashell Pink,#fdd4bd
Sanzo Wada,Violet,#4f4086,2,Apricot Yellow,#ffdd00
Sanzo Wada,Violet,#4f4086,3,Dull Violet Black,#1e0e3f
Sanzo Wada,Violet,#4f4086,4,Warm Gray,#a1a39a
Sanzo Wada,Red Violet,#59256a,1,Light Brown Drab,#b59392
Sanzo Wada,Red Violet,#59256a,2,Vistoris Lake,#6d4145
Sanzo Wada,Red Violet,#59256a,3,Grayish Lavender - B,#c0a9b3
Sanzo Wada,Red Violet,#59256a,4,Lilac,#b984af
Sanzo Wada,Cotinga Purple,#501345,1,Yellow Orange,#f99d1b
Sanzo Wada,Dusky Madder Violet,#4e1d4c,1,Etruscan Red,#c55347
Sanzo Wada,Dusky Madder Violet,#4e1d4c,2,Isabella Color,#c5a56e
Sanzo Wada,Dusky Madder Violet,#4e1d4c,3,Ecru,#c2ae93
Sanzo Wada,Dusky Madder Violet,#4e1d4c,4,Pale Raw Umber,#71502f
Sanzo Wada,Dusky Madder Violet,#4e1d4c,5,Dull Viridian Green,#009465
Sanzo Wada,White,#ffffff,1,Lemon Yellow,#f8ed43
Sanzo Wada,Neutral Gray,#b6bfc1,1,Pansy Purple,#7d133a
Sanzo Wada,Neutral Gray,#b6bfc1,2,Aconite Violet,#a36aa5
Sanzo Wada,Mineral Gray,#a2b0ad,1,Eugenia Red | A,#e2625e
Sanzo Wada,Mineral Gray,#a2b0ad,2,Red,#a72144
Sanzo Wada,Warm Gray,#a1a39a,1,Khaki,#bc892b
Sanzo Wada,Warm Gray,#a1a39a,2,Olive,#837e31
Sanzo Wada,Warm Gray,#a1a39a,3,Deep Grayish Olive,#635a3a
Sanzo Wada,Warm Gray,#a1a39a,4,Purple Drab,#84565b
Sanzo Wada,Slate Color,#34454c,1,Brick Red,#a84222
Sanzo Wada,Slate Color,#34454c,2,Vandyke Red,#82241f
Sanzo Wada,Slate Color,#34454c,3,Pyrite Yellow,#cab356
Sanzo Wada,Slate Color,#34454c,4,Dull Blue Violet,#80719e
Sanzo Wada,Black,#111314,1,Cream Yellow,#fdbf68
Sanzo Wada,Black,#111314,2,Olive Buff,#c1c494
Sanzo Wada,Black,#111314,3,Apricot Orange,#f68c50
Sanzo Wada,Black,#111314,4,Khaki,#bc892b
Sanzo Wada,Black,#111314,5,Light Glaucous Blue,#a5c8d1
Sanzo Wada,Black,#111314,6,Cerulian Blue,#0093a5
Sanzo Wada,Black,#111314,7,Deep Violet / Plumbeous,#70727c