id,group,name,hex,animal,vegetable,mineral,description
1,White,Snow White,#f1e9cd,Breast of the black-headed Gull.,Snow-Drop.,Carara Marble and Calc Sinter.,"Snow White, is the characteristic colour of the whites; it is the purest white colour; being free of all intermixture, it resembles new-fallen snow."
2,White,Reddish White,#f2e7cf,Egg of Grey Linnet,Back of the Christmas Rose.,Porcelain Earth.,"Reddish White, is composed of [snow white], with a very minute portion of [crimson red] and [ash grey]."
3,White,Purplish White,#ece6d0,Junction of the Neck and Back of the Kittiwake Gull.,White Geranium or Storks Bill.,Arragonite.,"Purplish White, is [snow white], with the slightest tinge of [crimson red] and [Berlin blue], and a very minute portion of [ash grey]."
4,White,Yellowish White,#f2eacc,Egret.,Hawthorn Blossom.,Chalk and Tripoli.,"Yellowish White, is composed of [snow white], with a very little [lemon yellow] and [ash grey]."
5,White,Orange coloured White,#f3e9ca,Breast of White or Screech Owl.,Large Wild Convolvulus.,French Porcelain Clay.,"Orange-coloured White, is [snow white], with a very small portion of [tile red] and [king's yellow], and a minute portion of [ash grey]."
6,White,Greenish White,#f2ebcd,Vent Coverts of Golden crested Wren.,Polyanthus Narcissus.,Calc sinter.,"Greenish White, is [snow white], mixed with a very little [emerald green] and [ash grey]."
7,White,Skimmed milk White,#e6e1c9,White of the Human Eyeballs.,Back of the Petals of Blue Hepatica.,Common Opal.,"Skimmed-milk White, is [snow white], mixed with a little [Berlin blue] and [ash grey]."
8,White,Greyish White,#e2ddc6,Inside Quill-feathers of the Kittiwake.,White Hamburgh Grapes.,Granular Limestone.,"Greyish White, is [snow white], mixed with a little [ash grey]."
9,Grey,Ash Grey,#cbc8b7,Breast of long tailed Hen Titmouse.,Fresh Wood ashes.,Flint.,"Ash Grey, is the characteristic colour of Werner's Greys; he gives no description of its component parts; it is composed of [snow white], with portions of [smoke] and [French grey], and a very little [yellowish grey] and [carmine red]."
10,Grey,Smoke Grey,#bfbbb0,Breast of the Robin round the Red.,,Flint.,"Smoke Grey, is [ash grey] mixed with a little [brown]."
11,Grey,French Grey,#bebeb3,Breast of Pied Wag tail.,,,"French Grey, nearly the steel grey of Werner, without the lustre, is [greyish white], with a slight tinge of [black] and [carmine red]."
12,Grey,Pearl Grey,#b7b5ac,Backs of black headed and Kittiwake Gulls.,Back of Petals of Purple Hepatica.,Porcelain Jasper.,"Pearl Grey, is [ash grey] mixed with a little [crimson red] and [blue], or [bluish grey] with a little [red]."
13,Grey,Yellowish Grey,#bab191,Vent coverts of White Rump.,Stems of the Barberry.,Common Calcedony.,"Yellowish Grey, is [ash grey] mixed with [lemon yellow] and a minute portion of [brown]."
14,Grey,Bluish Grey,#9c9d9a,Back and tail Coverts Wood Pigeon.,,Limestone,"Bluish Grey, is [ash grey] mixed with a little [blue]."
15,Grey,Greenish Grey,#8a8d84,Quill feathers of the Robin.,Bark of Ash Tree.,Clay Slate Wacke.,"Greenish Grey, is [ash grey] mixed with a little [emerald green], a small portion of [black], and a little [lemon yellow]."
16,Grey,Blackish Grey,#5b5c61,Back of Nut-hatch.,Old Stems of Hawthorn.,Flint.,"Blackish Grey, a blackish lead grey of Werner without the lustre is [ash grey], with a little [blue] and a portion of [black]."
17,Black,Greyish Black,#555152,Water Ousel. Breast and upper Part of Back of Water Hen.,,Basalt.,"Greyish Black, is composed of [velvet black], with a portion of [ash grey]."
18,Black,Bluish Black,#413f44,Largest Black Slug,Crowberry.,Black Cobalt Ochre.,"Bluish Black, is [velvet black], mixed with a little [blue] and [blackish grey]."
19,Black,Greenish Black,#454445,Breast of Lapwing,,Hornblende,"Greenish Black, is [velvet black], mixed with a little [brown], [yellow], and [green]."
20,Black,Pitch or Brownish Black,#423937,Guillemot. Wing Coverts of Black Cock.,,Yenite mica,"Pitch, or Brownish Black, is [velvet black], mixed with a little [brown] and [yellow]."
21,Black,Reddish Black,#433635,Spots on Large Wings of Tyger Moth. Breast of Pochard Duck.,Berry of Fuchsia Coccinea.,Oliven ore,"Reddish Black, is [velvet black], mixed with a very little [carmine red], and a small portion of [chestnut brown]."
22,Black,Ink Black,#252024,,Berry of Deadly Night Shade,Oliven ore,"Ink Black, is [velvet black], with a little [indigo blue] in it."
23,Black,Velvet Black,#241f20,Mole. Tail Feathers of Black Cock.,Black of Red and Black West-Indian peas.,Obsidian,"Velvet Black, is the characteristic colour of the blacks; it is the colour of black velvet."
24,Blue,Scotch Blue,#281f3f,Throat of Blue Titmouse.,Stamina of Single Purple Anemone.,Blue Copper Ore.,"Scotch Blue, is [Berlin blue], mixed with a considerable portion of [velvet black], a very little [grey], and a slight tinge of [carmine red]."
25,Blue,Prussian Blue,#1c1949,Beauty Spot on Wing of Mallard Drake.,Stamina of Bluish Purple Anemone.,Blue Copper Ore,"Prussian Blue, is [Berlin blue], with a considerable portion of [velvet black], and a small quantity of [indigo blue]."
26,Blue,Indigo Blue,#4f638d,,,Blue Copper Ore.,"Indigo Blue, is composed of [berlin blue], a little [black], and a small portion of [apple green]."
27,Blue,China Blue,#383867,Rhynchites Nitens,Back Parts of Gentian Flower.,Blue Copper Ore from Chessy.,"China Blue, is [azure blue], with a little [prussian blue] in it."
28,Blue,Azure Blue,#5c6b8f,Breast of Emerald-crested Manakin,Grape Hyacinth. Gentian.,Blue Copper Ore.,"Azure Blue, is [Berlin blue], mixed with a little [carmine red]: it is a burning colour."
29,Blue,Ultramarine Blue,#657abb,Upper Side of the Wings of small blue Heath Butterfly.,Borrage.,Azure Stone or Lapis Lazuli.,"Ultramarine Blue, is a mixture of equal parts of [Berlin] and [azure blue]."
30,Blue,Flax-Flower Blue,#6f88af,Light Parts of the Margin of the Wings of Devil's Butterfly.,Flax flower.,Blue Copper Ore,"Flax-Flower Blue, is [Berlin blue], with a slight tinge of [ultramarine blue]."
31,Blue,Berlin Blue,#7994b5,Wing Feathers of Jay.,Hepatica.,Blue Sapphire.,"Berlin Blue, is the pure, or characteristic colour of Werner."
32,Blue,Verditter Blue,#6fb5a8,,,Lenticular Ore.,"Verditter Blue, is [Berlin blue], with a small portion of [verdigris green]."
33,Blue,Greenish Blue,#719ba2,,Great Fennel Flower.,Turquoise or Flour Spar.,"Greenish Blue, the sky blue of Werner, is composed of [Berlin blue], [white], and a little [emerald green]."
34,Blue,Greyish Blue,#8aa1a6,Back of blue Titmouse,Small Fennel Flower.,Iron Earth.,"Greyish Blue, the smalt blue of Werner, is composed of [Berlin blue], with [white], a small quantity of [grey], and a hardly perceptible portion of [red]."
35,Purple,Bluish Lilac Purple,#d0d5d3,Male of the Lebellula Depressa.,Blue Lilac.,Lepidolite.,"Bluish Lilac Purple, is [bluish purple] and [white]."
36,Purple,Bluish Purple,#8590ae,Papilio Argeotus. Azure Blue Butterfly.,Parts of White and Purple Crocus.,,"Bluish Purple, is composed of about equal parts of [Berlin blue] and [carmine red]."
37,Purple,Violet Purple,#3a2f52,,Purple Aster.,Amethyst.,"Violet Purple, violet blue of Werner, is [Berlin blue] mixed with [red], and a little [brown]."
38,Purple,Pansy Purple,#39334a,Chrysomela Goettingensis.,Sweet-scented Violet.,Derbyshire Spar.,"Pansy Purple, is [indigo blue], with [carmine red], and a slight tinge of [raven black]."
39,Purple,Campanula Purple,#6c6d94,,Canterbury Bell. Campanula Persicifolia.,Fluor Spar.,"Campanula Purple, is [ultramarine blue] and [carmine red], about equal parts of each: it is the characteristic colour."
40,Purple,Imperial Purple,#584c77,,Deep Parts of Flower of Saffron Crocus.,Fluor Spar.,"Imperial Purple, is [azure] and [indigo blue], with [carmine red], about equal parts of each."
41,Purple,Auricula Purple,#533552,Egg of largest Bluebottle. or Flesh Fly.,Largest Purple Auricula.,Fluor Spar.,"Auricula Purple, is [plum purple], with [indigo blue] and much [carmine red]."
42,Purple,Plum Purple,#463759,,Plum.,Fluor Spar.,"Plum Purple, the plum blue of Werner, is composed of [Berlin blue], with much [carmine red], a very little [brown], and an almost imperceptible portion of [black]."
43,Purple,Red Lilac Purple,#bfbac0,Light Spots of the upper Wings of Peacock Butterfly.,Red Lilac. Pale Purple Primrose.,Lepidolite.,"Red Lilac Purple, is [campanula purple], with a considerable portio of [snow white], and a very little [carmine red]."
44,Purple,Lavender Purple,#77747f,Light Parts of Spots on the under Wings of Peakcock Butterfly.,Dried Lavender Flowers.,Porcelain Jasper.,"Lavender Purple, the lavender blue of Werner, is composed of [blue], [red], and a little [brown] and [grey]."
45,Purple,Pale Blackish Purple,#4a475c,,,Porcelain Jasper.,"Pale Bluish Purple, is [lavender purple] mixed with a little [red] and [black]."
46,Green,Celadine Green,#b8bfaf,PhalÏna. Margaritaria.,Back of Tussilage Leaves.,Beryl.,"Celindine Green, is composed of [verdigris green] and [ash grey].à"
47,Green,Mountain Green,#b2b599,PhalÏna Viridaria.,Thick leaved Cudweed. Silver-leaved Almond.,Actynolite Beryl.,"Mountain Green, is composed of [emerald green], with much [blue] and a little [yellowish grey]."
48,Green,Leek Green,#979c84,,Sea Kale. Leaves of Leeks in Winter.,Actynolite Prase.,"Leek Green, is composed of [emerald green], with a little [brown] and [bluish grey]."
49,Green,Blackish Green,#5d6161,Elytra of Meloe Violaceus.,Dark Streaks on Leaves of Cayenne Pepper.,Serpentine.,"Blackish Green, is [grass green] mixed with a considerable portion of [black]."
50,Green,Verdigris Green,#61ac86,Tail of small Long-tailed Green Parrot.,,Copper Green.,"Verdigris Green, is composed of [emerald green], much [Berlin blue], and a little [white]."
51,Green,Bluish Green,#a4b6a7,Egg of Thrush.,Under Disk of Wild Rose Leaves.,Beryl.,"Bluish Green, is composed of [Berlin blue], and a little [lemon yellow] and [greyish white]."
52,Green,Apple Green,#adba98,Under Side of Wings of Green Broom Moth.,,Crysoprase.,"Apple Green, is [emerald green] mixed with a little [greyish white]."
53,Green,Emerald Green,#93b778,Beauty Spot on Wing of Teal Drake.,,Emerald.,"Emerald Green, is the characteristic colour of Werner; he gives no description of the component parts of any of the characteristic colours; it is composed of about equal parts of [Berlin blue] and [gamboge yellow]."
54,Green,Grass Green,#7d8c55,ScarabÏus Nobilis.,General Appearance of Grass Fields. Sweet Sugar Pear,Uran Mica.,"Grass Green, is [emerald green] mixed with a little [lemon yellow]."
55,Green,Duck Green,#33431e,Neck of Mallard,Upper Disk of Yew Leaves.,Ceylanite,"Duck Green, W. a new colour of Werner's, added since the publication of his nomenclature; it is composed of [emerald green], with a little [indigo blue], much [gamboge yellow], and a very little [carmine red]."
56,Green,Sap Green,#7c8635,Under Side of lower Wings of Orange tip Butterfly,Upper Disk of Leaves of woody Night Shade.,,"Sap Green, is [emerald green], with much [saffron yellow], and a little [chestnut brown]."
57,Green,Pistachio Green,#8e9849,Neck of Eider Drake,Ripe Pound Pear. Hypman like Saxifrage.,Crysolite.,"Pistachio Green, is [emerald green] mixed with a little [lemon yellow], and a small quantity of [brown]."
58,Green,Asparagus Green,#c2c190,Brimstone Butterfly.,Veriegated Horse-Shoe Geranium.,Beryl.,"Asparagus Green, is [pistachio green], mixed with much [greyish white]."
59,Green,Olive Green,#67765b,,Foliage of Lignum vitÏ.,Epidote Olvene Ore.,"Olive Green, is [grass green] mixed with much [brown]."
60,Green,Oil Green,#ab924b,Animal and Shell of common Water Snail.,Nonpareil Apple from the Wall.,Beryl.,"Oil Green, is [emerald green] mixed with [lemon yellow], [chestnut brown], and [yellowish grey]."
61,Green,Siskin Green,#c8c76f,Siskin.,Ripe Coalmar Pear. Irish Pitcher Apple.,Uran Mica.,"Siskin Green, is [emerald green] mixed with much [lemon yellow], and a little [yellowish white]."
62,Yellow,Sulphur Yellow,#ccc050,Yellow Parts of large Dragon Fly.,Various Coloured Snap dragon.,Sulphur,"Sulphur Yellow, is [lemon yellow] mixed with [emerald green] and [white]."
63,Yellow,Primrose Yellow,#ebdd99,Pale Canary Bird.,Wild Primrose,Pale coloured Sulphur.,"Primrose Yellow, is [gamboge yellow] mixed with a little [sulphur yellow], and much [snow white]."
64,Yellow,Wax Yellow,#ab9649,Larva of large Water Beetle.,Greenish Parts of Nonpareil Apple.,Semi Opal.,"Wax Yellow, is composed of [lemon yellow], [reddish brown], and a little [ash grey]."
65,Yellow,Lemon Yellow,#dbc364,Large Wasp or Hornet,Shrubby Goldylocks.,Yellow Orpiment.,"Lemon Yellow, the characteristic colour of the yellow series of Werner, the colour of ripe lemons; W. it is found to be a mixture of [gamboge yellow] and a little [ash grey]: being a mixed colour, it cannot be adopted as the characteristic colour; the characteristic colours of the blues, reds, and yellows ought to be pure and free from all intermixture with any other colour; gamboge, as the purest yellow colour, is adopted instead of lemon yellow, as the characteristic colour of the yellows."
66,Yellow,Gamboge Yellow,#e6d058,Wings of Goldfinch. Canary Bird.,Yellow Jasmine.,High coloured Sulphur.,"Gamboge Yellow, is the characteristic colour."
67,Yellow,Kings Yellow,#ead665,Head of Golden Pheasant.,Yellow tulip. Cinque foil.,,"Kings Yellow, is [gamboge yellow], with a small portion of [saffron yellow]."
68,Yellow,Saffron Yellow,#d09b2c,Tail Coverts of Golden Pheasant.,Anhers of Saffron Grocus.,,"Saffron Yellow, is [gamboge yellow], with [gallstone yellow], about equal parts of each."
69,Yellow,Gallstone Yellow,#a36629,Gallstones.,Marigold Apple.,,"Gallstone Yellow, is [gamboge yellow], with a small quantity of [Dutch orange], and a minute portion of [honey yellow]."
70,Yellow,Honey Yellow,#a77d35,Lower Parts of Neck of Bird of Paradise.,,Fluor Spar.,"Honey Yellow, is [sulphur yellow] mixed with [chestnut brown]."
71,Yellow,Straw Yellow,#f0d696,Polar Bear.,Oat Straw.,Schorlite. Calamine.,"Straw Yellow, is [sulphur yellow] mixed with much [greyish white] and a little [ochre yellow]."
72,Yellow,Wine Yellow,#d7c485,Body of Silk Moth.,White Currants.,Saxon Topaz.,"Wine Yellow, is [sulphur yellow] mixed with [reddish brown] and [grey], with much [snow white]."
73,Yellow,Sienna Yellow,#f1d28c,Vent Parts of Tail of Bird of Paradise.,Stamina of Honey-suckle.,Pale Brazilian Topaz.,"Sienna Yellow, is [primrose yellow], with a little [ochre yellow]."
74,Yellow,Ochre Yellow,#efcc83,Vent Coverts of Red Start.,,Porcelain Jasper.,"Ochre Yellow, is [sienna yellow], with a litlte light [chestnut brown]."
75,Yellow,Cream Yellow,#f3daa7,Breast of Teal Drake.,,Porcelain Jasper.,"Cream Yellow, is [ochre yellow] mixed with a little [white] and a very small quantity of [Dutch orange]."
76,Orange,Dutch Orange,#dfa837,Crest of Golden crested Wren.,Common Marigold. Seedpod of Spindle-tree.,Streak of Red Orpiment.,"Dutch Orange, the orange yellow of Werner, is [gamboge yellow], with [carmine red]."
77,Orange,Buff Orange,#ebbc71,Streak from the Eye of the King Fisher.,Stamina of the large White Cistus.,Natrolite.,"Buff Orange, is [sienna yellow], with a little [Dutch Orange]."
78,Orange,Orpiment Orange,#d17c3f,The Neck Ruff of the Golden Pheasant. Belly of the Warty Newt.,Indian Cress.,,"Orpiment Orange, the characteristic colour, is about equal parts of [gamboge yellow] and [arterial blood red]."
79,Orange,Brownish Orange,#92462f,Eyes of the largest Flesh Fly.,Style of the Orange Lily.,Dark Brazilian Topaz.,"Brownish Orange, is [orpiment orange], with a little [hyacinth red], and a small quantity of light [chestnut brown]."
80,Orange,Reddish Orange,#be7249,Lower Wings of Tyger Moth.,Hemimeris. Buff Hibiscus.,,"Reddish Orange, is [buff orange] mixed with a considerable portion of [tile red]."
81,Orange,Deep Reddish Orange,#bb603c,Gold Fish lustre abstracted.,Scarlet Leadington Apple.,,"Deep Reddish Orange, is [Dutch orange] mixed with much [scarlet red]."
82,Red,Tile Red,#c76b4a,Breast of the Cock Bullfinch.,Shrubby Pimpernel.,Porcelain Jasper.,"Tile Red, is [hyacinth red] mixed with much [greyish white], and a small portion of [scarlet red]."
83,Red,Hyacinth Red,#a75536,Red Spots of the LygÏns Apterus Fly.,Red on the golden Rennette Apple.,Hyacinth.,"Hyacinth Red, is [scarlet red], with [lemon yellow] and a minute proportion of [brown]."
84,Red,Scarlet Red,#b63e36,Scarlet Ibis or Curlew. Mark on the Head of Red Grouse.,Large red Oriental Poppy. Red Parts of red and black Indian Peas.,Light red Cinnaber.,"Scarlet Red, is [arterial blood red], with a little [gamboge yellow]."
85,Red,Vermilion Red,#b5493a,Red Coral.,Love Apple.,Cinnaber.,"Vermilion Red, is [scarlet red], with a minute portion of [brownish red]."
86,Red,Aurora Red,#cd6d57,Vent convers of Pied Wood-Pecker.,Red on the Naked Apple.,Red Orpiment.,"Aurora Red, is [tile red], with a little [arterial blood red], and a slight tinge of [carmine red]."
87,Red,Arterial Blood Red,#711518,Head of the Cock Gold-finch.,Corn Poppy Cherry.,,"Aterial Blood Red, is the characteristic colour of the red series."
88,Red,Flesh Red,#e9c49d,Human Skin.,Larkspur.,Heavy Spar. Limestone.,"Flesh Red, is [rose red] mixed with [tile red] and a little [white]."
89,Red,Rose Red,#eedac3,,Common Garden Rose.,Figure Stone.,"Rose Red, is [carmine red], with a great quantity of [snow white], and a very small portion of [cochineal red]."
90,Red,Peach Blossom Red,#eecfbf,,Peach Blossom.,Red Cobolt Ore.,"Peach Blossom Red, is [lake red] mixed with much [white]."
91,Red,Carmine Red,#ce536b,,Raspberry. Cocks Comb. Carnation Pink.,Oriental Ruby.,"Carmine Red, the characteristic colour of Werner is [lake red], with a little [arterial blood red]."
92,Red,Lake Red,#b74a70,,Red Tulip. Rose Officinalus.,Spinel.,"Lake Red, the crimson red of Werner, is [arterial blood red], with a portion of [Berlin blue]."
93,Red,Crimson Red,#b7757c,,,Precious Garnet.,"Crimson Red, is [carmine red], with a little [indigo blue]."
94,Red,Purplish Red,#612741,Outside of Quills of Terico.,Dark Crimson Officinal Garden Rose.,Precious Garnet.,"Purplish Red, the columbine red of Werner, is [carmine red], with a little [Berlin blue], and a small portion of [indigo blue]."
95,Red,Cochineal Red,#7a4848,,Under Disk of decayed Leaves of None-so-pretty.,Dark Cinnaber,"Cochineal Red, is [lake red] mixed with [bluish grey]."
96,Red,Veinous Blood Red,#3f3033,Veinous Blood.,"Musk Flower, or dark Purple Scabious.",Pyrope.,"Veinous Blood Red, is [carmine red] mixed with [brownish black]."
97,Red,Brownish Purple Red,#8d746f,,Flower of deadly Nightshade.,Red Antimony Ore.,"Brownish Purple Red, the cherry red of Werner, is [lake red] mixed with [brownish black] and a small portion of [grey]."
98,Red,Chocolate Red,#4d3635,Breast of Bird of Paradise.,Brown Disk of common Marigold.,,Chocoloate Red is [veinous blood red] mixed with a little [brownish red].
99,Red,Brownish Red,#6e3b31,Mark on Throat of Red-throated Diver.,,Iron Flint.,"Brownish Red, is [chocolate red] mixed with [hyacinth red] and a little [chestnut brown]."
100,Brown,Deep Orange-coloured Brown,#864735,Head of Pochard. Wing coverts of Sheldrake.,Female Spike of Catstail Reed.,,"Deep Orange-coloured Brown, is [chestnut brown], with a little [reddish brown], and a small quantity of [orange brown]."
101,Brown,Deep Reddish Brown,#553d3a,"Breast of Pochard, and Neck of Teal Drake.",Dead Leaves of green Panic Grass.,Brown Blende.,"Deep Reddish Brown, is [chestnut brown] with a little [chocolate red]."
102,Brown,Umber Brown,#613936,Moor Buzzard.,Disk of Rubeckia.,,"Umber Brown, is [chestnut brown], with a little [blackish brown]."
103,Brown,Chestnut Brown,#7a4b3a,Neck and Breast of Red Grouse.,Chestnuts.,Egyptian Jasper.,"Chestnut Brown, the characteristic colour of the browns of Werner's series, W. is [deep reddish brown] and [yellowish brown]."
104,Brown,Yellowish Brown,#946943,Light Brown Spots on Guinea-Pig. Breast of a Hoopoe.,,"Iron Flint, and common Jasper.","Yellowish Brown, is [chestnut brown] mixed with a considerable portion of [lemon yellow]."
105,Brown,Wood Brown,#c39e6d,Common Weasel. Light parts of Feathers on the Back of the Snipe.,Hazel Nuts.,Mountain Wood.,"Wood Brown, is [yellowish brown] mixed with [ash grey]."
106,Brown,Liver Brown,#513e32,"Middle Parts of Feathers of Hen Pheasant, and Wing coverts of Gosbeak.",,Semi Opal.,"Liver Brown, is [chestnut brown] mixed with a little [black] and [olive green]."
107,Brown,Hair Brown,#8b7859,Head of Pintail Duck,,Wood Tin.,"Hair Brown, is [clove brown] mixed with [ash grey]."
108,Brown,Broccoli Brown,#9b856b,Head of Black headed Gull.,,Zircon.,"Broccoli Brown, is [clove brown] mixed with [ash grey], and a small tinge of [red]."
109,Brown,Clove Brown,#766051,Head and Neck of Male Kestril.,Stems of Black Currant Bush.,"Axinite, Rok Cristal.","Olive Brown, is [ash grey] mixed with a little [blue], [red], and [chestnut brown].¤"
110,Brown,Blackish Brown,#453b32,Stormy Petril. Wing Coverts of black Cock. Forehead of Foumart.,,Mineral Pitch.,"Blackish Brown, is composed of [chestnut brown] and [black]."
